{
    "freeze_breath": {
        "sounds":[
            "suit/freeze_breath"
        ],
        "category":"player"
    },
    "inject_connor": {
        "sounds":[
            "suit/inject_connor"
        ],
        "category":"player"
    },
    "lizard": {
        "sounds":[
            "suit/lizard"
        ],
        "category":"player"
    },
    "crazyonu": {
        "sounds":[
            "suit/coysong"
        ],
        "category":"player"
    },
    "enrage": {
        "sounds":[
            "suit/enrage"
        ],
        "category":"player"
    }
    }
